--Bảng NHACUNGCAP: MaNCC, TenNCC, SDTNCC, DiaChi, STK 
insert into NHACUNGCAP values('NCC001', N'Tạp hóa Vân Giang', '02353869467', N'QL1A, Thôn Phong Ngũ, xã Điện Thắng Nam', '4218215024516')
insert into NHACUNGCAP values('NCC002', N'Cô Bé', '0906764891', N'Thanh quýt 1 - Điện Thắng Trung-Điện Bàn -Quảng Nam',null)
insert into NHACUNGCAP values('NCC003', N'Chú Bảy Bánh kẹo', '0905134025', N'Thanh Khê - Đà Nẵng',null)
insert into NHACUNGCAP values('NCC004', N'Chú Quốc Bia', '0905538106', N'Thanh Quýt 4 - Điện Thắng Trung-Điện Bàn -Quảng Nam',null)

INSERT INTO NHANVIEN VALUES ('NV0001',N'Phan Văn Lộc','1960/07/06','0345047071')
INSERT INTO NHANVIEN VALUES ('NV0002',N'Nguyễn Ngọc Linh','1965/01/01','0372251916')
INSERT INTO NHANVIEN VALUES ('NV0003',N'Phan Thị Ánh','1999/07/12','0911382268')

INSERT INTO KHACHHANG VALUES('0001',N'Nguyễn Thị Phượng',0702648828,N'Phong Ngũ-Xã Điện Thắng Nam- Điện Bàn- Quảng Nam')
INSERT INTO KHACHHANG VALUES('0002',N'Huỳnh Trấn Thành',0981234561, N'Phong Ngũ-Xã Điện Thắng Nam- Điện Bàn- Quảng Nam')
INSERT INTO KHACHHANG VALUES('0003',N'Nguyễn Thị Thắm',0363317614,null)
INSERT INTO KHACHHANG VALUES('0004',N'Nguyễn Thị Ánh',0702378915, N'Phong Ngũ-Xã Điện Thắng Nam- Điện Bàn- Quảng Nam')
INSERT INTO KHACHHANG VALUES('0005',N'Ngô Thị Ánh Ngọc',0935245068,null)
INSERT INTO KHACHHANG VALUES('0006',N'Ngô Thị Ánh Quỳnh',0364587892,null)
INSERT INTO KHACHHANG VALUES('0007',N'Huỳnh Thị Ánh Quỳnh',036478932,N'An Thanh-Xã Điện Thắng Nam- Điện Bàn- Quảng Nam')
INSERT INTO KHACHHANG VALUES('0008',N'Huỳnh Thị Ánh',0354567894,null)
INSERT INTO KHACHHANG VALUES('0009',N'Phạm Thị Ánh Na',0935212456,N'An Thanh-Xã Điện Thắng Nam- Điện Bàn- Quảng Nam')
INSERT INTO KHACHHANG VALUES('0010',N'Phan Thị Ngọc Hoa',0971987122,null)
INSERT INTO KHACHHANG VALUES('0011',N'Nguyễn Cao Kỳ Duyên',0352369785,N'Phong Ngũ-Xã Điện Thắng Nam- Điện Bàn- Quảng Nam')
INSERT INTO KHACHHANG VALUES('0012',N'Nguyễn Như Lan Anh',07023456279,null)
INSERT INTO KHACHHANG VALUES('0013',N'Nguyễn Như Anh Kiệt',0237564231,null)
INSERT INTO KHACHHANG VALUES('0014',N'Nguyễn Như Khanh',0702645132,null)
INSERT INTO KHACHHANG VALUES('0015',N'Cao Anh Tài',0702632165,N'An Thanh-Xã Điện Thắng Nam- Điện Bàn- Quảng Nam')
INSERT INTO KHACHHANG VALUES('0016',N'Cao Thái Sơn',0702632456,null)
INSERT INTO KHACHHANG VALUES('0017',N'Cao Thái Tài',0702689623,null)
INSERT INTO KHACHHANG VALUES('0018',N'Lương Bích Hữu',0935785236,null)
INSERT INTO KHACHHANG VALUES('0019',N'Ninh Dương Lan Ngọc',0702642278,N'An Thanh-Xã Điện Thắng Nam- Điện Bàn- Quảng Nam')
INSERT INTO KHACHHANG VALUES('0020',N'Lâm Vỹ Dạ',0702648868,null)
INSERT INTO KHACHHANG VALUES('0021',N'Lê Dương Bảo Lâm',0702648838,N'Phong Lục Tây-Xã Điện Thắng Nam- Điện Bàn- Quảng Nam')
INSERT INTO KHACHHANG VALUES('0022',N'Ngô Kiến Huy',0702648816,null)
INSERT INTO KHACHHANG VALUES('0023',N'Huỳnh Trấn Thành',0702648879,null)
INSERT INTO KHACHHANG VALUES('0024',N'Mai Phương Thúy',0352567892,N'Phong Lục Tây-Xã Điện Thắng Nam- Điện Bàn- Quảng Nam')
INSERT INTO KHACHHANG VALUES('0025',N'Nguyễn Thị Hòa',0702652123,null)
INSERT INTO KHACHHANG VALUES ('0026',N'Phan Thị Tố Lý',0372251916,N'An Thanh-Xã Điện Thắng Nam-Điện Bàn-Quảng Nam')
INSERT INTO KHACHHANG VALUES ('0027',N'Nguyễn Phan Quỳnh Nguyên',0941993805,N'Phong Ngũ-Xã Điện Thắng Nam-Điện Bàn-Quảng Nam')
INSERT INTO KHACHHANG VALUES ('0028',N'Phan Văn HIếu',0911382268,N'Phong Lục Tây-Xã Điện Thắng Nam-Điện Bàn-Quảng Nam')
INSERT INTO KHACHHANG VALUES ('0029',N'Phan Thị Mỹ Hạnh',0949545444,N'An Thanh-Xã Điện Thắng Nam-Điện Bàn-Quảng Nam')
INSERT INTO KHACHHANG VALUES ('0030',N'Khuất Thanh Thảo',0989721312,N'Phong Lục Đông Nam-Xã Điện Thắng Nam-Điện Bàn-Quảng Nam')
INSERT INTO KHACHHANG VALUES ('0031',N'Khuất Thanh Tùng',0935270048,N'Phong Lục Đông Nam-Xã Điện Thắng Nam-Điện Bàn-Quảng Nam')
INSERT INTO KHACHHANG VALUES ('0032',N'Trương Thụy Thuyền',0353939392,N'An Thanh-Xã Điện Thắng Nam-Điện Bàn-Quảng Nam')
INSERT INTO KHACHHANG VALUES ('0033',N'Vũ Nguyễn Nhật Linh',0388145035,null)
INSERT INTO KHACHHANG VALUES ('0034',N'Vũ Hàn Phong',0349757898,null)
INSERT INTO KHACHHANG VALUES ('0035',N'Lê Việt Hoàng',0896223930,null)
INSERT INTO KHACHHANG VALUES ('0036',N'Mai Thị Diễm Châu',0337846630,N'Phong Lục Đông Nam-Xã Điện Thắng Nam-Điện Bàn-Quảng Nam')
INSERT INTO KHACHHANG VALUES ('0037',N'Bùi Đình Sanh',0325179719,null)
INSERT INTO KHACHHANG VALUES ('0038',N'Nguyễn Đức Nhân',0911457077,N'An Thanh-Xã Điện Thắng Nam-Điện Bàn-Quảng Nam')
INSERT INTO KHACHHANG VALUES ('0039',N'Nguyễn Thị Bích Hiệp',0964743324,null)
INSERT INTO KHACHHANG VALUES ('0040',N'Phạm Công Duyên',0333896125,null)
INSERT INTO KHACHHANG VALUES ('0041',N'Nguyễn Ngọc Hưng',0378934171,null)
INSERT INTO KHACHHANG VALUES ('0042',N'Huỳnh Tấn Mai Huy',0979133007,N'Phong Ngũ-Xã Điện Thắng Nam-Điện Bàn-Quảng Nam')
INSERT INTO KHACHHANG VALUES ('0043',N'Trương Võ Băng',0395157638,N'An Thanh-Xã Điện Thắng Nam-Điện Bàn-Quảng Nam')
INSERT INTO KHACHHANG VALUES ('0044',N'Đào Sĩ Đô',0348548007,null)
INSERT INTO KHACHHANG VALUES ('0045',N'Nguyễn Hoàng Cao Phong',0393570534,null)
INSERT INTO KHACHHANG VALUES ('0046',N'Trần Văn An',0365663944,N'Phong Ngũ-Xã Điện Thắng Nam-Điện Bàn-Quảng Nam')
INSERT INTO KHACHHANG VALUES ('0047',N'Trần Minh Khôi',0898341503,null)
INSERT INTO KHACHHANG VALUES ('0048',N'Đoàn Văn Thắng',0944932472,N'Phong Lục Tây-Xã Điện Thắng Nam-Điện Bàn-Quảng Nam')
INSERT INTO KHACHHANG VALUES ('0049',N'Mai Thị Kiều Diễm',01665211322,N'Phong Lục Tây-Xã Điện Thắng Nam-Điện Bàn-Quảng Nam')
INSERT INTO KHACHHANG VALUES ('0050',N'Trần Thanh Tịnh',0935136900,null)



insert into HANGHOA values('A00001', N'Dầu Neptune 1:1:1', '39000', '35000', 12)
insert into HANGHOA values('A00002', N'Dầu đậu nành Symply', '40000', '33000', 10)
insert into HANGHOA values('A00003', N'Dầu Meizan', '35000', '29000', 15)
insert into HANGHOA values('A00004', N'Hạt nêm Knorr', '35000', '29000', 12)
insert into HANGHOA values('A00005', N'Hạt nêm Aji-ngon', '35000', '29000', 13)
insert into HANGHOA values('A00006', N'Hạt nêm Maggi', '35000', '29000', 13)
insert into HANGHOA values('A00007', N'Nước rửa chén Lipon', '25000', '18000', 12)
insert into HANGHOA values('A00008', N'Nước rửa chén Sunlight Chanh', '29000', '22000', 14)
insert into HANGHOA values('A00009', N'Nước rửa chén hương chanh Abay', '35000', '25000', 10)
insert into HANGHOA values('A00010', N'Kem đánh răng Close Up', '37000', '30000', 12)
insert into HANGHOA values('A00011', N'Kem đánh răng Aquafresh', '40000', '32000', 18)
insert into HANGHOA values('A00012', N'Kem đánh răng Colgate', '35000', '31000', 12)
insert into HANGHOA values('A00013', N'Nước lau sàn Sunlight', '30000', '22000', 13)
insert into HANGHOA values('A00014', N'Nước lau sàn gỗ Suzy', '5000', '2200', 30)
insert into HANGHOA values('A00015', N'Nước lau sàn Denkmit', '8000', '2200', 13)
insert into HANGHOA values('A00016', N'Mì Đệ Nhất', '9000', '2300', 17)
insert into HANGHOA values('A00017', N'Mì Hảo Hảo', '8000', '2300', 50)
insert into HANGHOA values('A00018', N'Mì Bốn Phương', '9000', '2500', 45)
insert into HANGHOA values('A00019', N'Phở trộn đệ nhất', '8000', '2200', 34)
insert into HANGHOA values('A00020', N'Bún hằng nga ', '7000', '2700', 32)
insert into HANGHOA values('A00021', N'Hủ tiếu khô nhịp sống hương vị Nam Vang', '11000', '2300', 38)
insert into HANGHOA values('A00022', N'Phở xưa và nay', '10000', '2500', 20)
insert into HANGHOA values('A00023', N'Hủ tiếu Nhịp Sống', '8000', '2500', 25)
insert into HANGHOA values('A00024', N'Mứt Vỏ Bưởi', '9000', '2500', 35)
insert into HANGHOA values('A00025', N'Mứt Hạt Sen', '7000', '2500', 23)
insert into HANGHOA values('A00026', N'Mứt Gừng ', '5000', '2500', 17)
insert into HANGHOA values('A00027', N'Mứt Đu Đủ Sấy ', '10000', '4000', 25)
insert into HANGHOA values('A00028', N'Thuốc lá Fasol ', '35000', '29000', 16)
insert into HANGHOA values('A00029', N'Thuốc lá Dona Goal', '37000', '29000', 13)
insert into HANGHOA values('A00030', N'Thuốc lá wiriston ', '40000', '29000', 16)
insert into HANGHOA values('A00031', N'Thuốc lá Bastion', '35000', '23000', 15)
insert into HANGHOA values('A00032', N'Khô gà lá chanh bơ tỏi', '30000', '25000', 13)
insert into HANGHOA values('A00033', N'Hộp bột Cacao ĐắkLắk', '85000', '55000', 14)
insert into HANGHOA values('A00034', N'Hộp ngũ cốc BeOne', '290000', '200000', 13)
insert into HANGHOA values('A00035', N'Nước mắm cá cơm nguyên chất Nam Ô', '35000', '27000', 20)
insert into HANGHOA values('A00036', N'Nước mắm Hai Non Cà Ná', '35000', '28000', 14)
insert into HANGHOA values('A00037', N'Nước mắm Nam Ô', '35000', '30000', 13)
insert into HANGHOA values('A00038', N'Rong biển cháy tỏi', '35000', '30000', 14)
insert into HANGHOA values('A00039', N'Nước rửa tay lifebuoy ', '19000', '15000', 15)
insert into HANGHOA values('A00040', N'Sữa Ensure Gold', '60000', '33000', 12)
insert into HANGHOA values('A00041', N'Sữa Tươi Tiệt Trùng Ít Đường - Vinamilk', '21000', '10000', 14)
insert into HANGHOA values('A00042', N'Sữa Hạt Óc Chó Hộp - Vinamilk', '35000', '9000', 18)
insert into HANGHOA values('A00043', N'Sữa Bột Hương Vani - Pediasure', '70000', '55000', 18)
insert into HANGHOA values('A00044', N'Sữa Tươi Thanh Trùng Sôcôla - Đà Lạt Milk', '45000', '29000', 15)
insert into HANGHOA values('A00045', N'Sữa Chua Uống Lựu - Yomost', '35000', '12000', 17)
insert into HANGHOA values('A00046', N'Nước suối Aquafina 500ml', '25000', '11000', 14)
insert into HANGHOA values('A00047', N'Soda Blue Ocean', '22000', '19000', 18)
insert into HANGHOA values('A00048', N'Soda vị trái cây', '35000', '19000', 10)
insert into HANGHOA values('A00049', N'Yaourt dâu', '30000', '8000', 19)
insert into HANGHOA values('A00050', N'Yaourt nha đam', '25000', '17000', 10)
insert into HANGHOA values('A00051', N'Yaourt vải tươi', '35000', '17000', 13)
insert into HANGHOA values('A00052', N'Dầu gội TRESemmé', '40000', '25000', 13)
insert into HANGHOA values('A00053', N'Dầu gội Vỏ bưởi & Bồ kết Herbario', '35000', '25000', 14)
insert into HANGHOA values('A00054', N'Dầu Gội Dưỡng Dày Tóc OGX Thick Shampoo', '29000', '20000', 10)
insert into HANGHOA values('A00055', N'Dầu gội dược liệu Thái Dương 7 plus', '35000', '27000', 12)
insert into HANGHOA values('A00056', N'Dầu gội phục hồi Serie Expert Absolut Repair Gold', '35000', '28000', 14)
insert into HANGHOA values('A00057', N'Dầu Gội Head&Shoulders', '35000', '30000', 13)
insert into HANGHOA values('A00058', N'Sữa tắm trắng Nhật White Conc Body Shampoo', '35000', '30000', 14)
insert into HANGHOA values('A00059', N'Sữa tắm S-White Hương Nước Hoa', '19000', '15000', 15)
insert into HANGHOA values('A00060', N'Sữa tắm Cottage thương hiệu Pháp', '60000', '45000', 12)
insert into HANGHOA values('A00061', N'Sữa tắm Snow White Milky Pack', '21000', '10000', 13)
insert into HANGHOA values('A00062', N'Bia Tiger', '10000', '7000', 60)
insert into HANGHOA values('A00063', N'Bia Heineken', '15000', '10000', 52)
insert into HANGHOA values('A00064', N'Bia Huda', '10000', '7000', 52)
insert into HANGHOA values('A00065', N'Bia Hà Nội', '12000', '8000', 73)
insert into HANGHOA values('A00066', N'Nước ngọt Coca Cola', '8000', '4000', 24)
insert into HANGHOA values('A00067', N'Trà xanh C2', '10000', '5000', 20)
insert into HANGHOA values('A00068', N'Nước ngọt Pepsi', '8000', '4000', 23)
insert into HANGHOA values('A00069', N'Nước cam ép Twister', '15000', '8000', 23)
insert into HANGHOA values('A00070', N'Nước ngọt sting', '12000', '6000', 34)
insert into HANGHOA values('A00071', N'Sữa tắm Snow Pack', '21000', '10000', 13)
insert into HANGHOA values('A00072', N'Bánh Cosy Marie', '10000', '7000', 25)
insert into HANGHOA values('A00073', N'Bánh ngọt đóng gói phomai Nabati', '15000', '10000', 22)
insert into HANGHOA values('A00074', N'Bánh Quế Cosy', '10000', '7000', 24)
insert into HANGHOA values('A00075', N'Bánh mỳ Scotti', '12000', '8000', 16)
insert into HANGHOA values('A00076', N'Kẹo nho', '12000', '8000', 23)
insert into HANGHOA values('A00077', N'Kẹo sữa bò', '12000', '8000', 23)
insert into HANGHOA values('A00078', N'Kẹo mút Chupa Chups', '12000', '8000', 53)
insert into HANGHOA values('A00079', N'Bánh Danisa', '12000', '8000', 23)
insert into HANGHOA values('A00080', N'Kẹo cà phê KOPICO', '12000', '8000', 23)
insert into HANGHOA values('A00081', N'Bánh Danisa', '12000', '8000', 23)
insert into HANGHOA values('A00082', N'Bánh Choco Pie', '12000', '8000', 23)
insert into HANGHOA values('A00083', N'Bánh Tipo', '12000', '8000', 23)
insert into HANGHOA values('A00084', N'Bánh kem trứng Custas', '12000', '8000', 23)
insert into HANGHOA values('A00085', N'Kem đánh răng Crest 3D White', '25000', '12000', 16)
insert into HANGHOA values('A00086', N'Kem đánh răng Colgate Optic White', '28000', '20000', 23)
insert into HANGHOA values('A00087', N'Kem Đánh Răng Than Hoạt Tính Black Is White', '12000', '8000', 23)
insert into HANGHOA values('A00088', N'Bàn Chải Đánh Răng Lông Mềm Trisa Uno 1', '20000', '10000', 53)
insert into HANGHOA values('A00089', N'Bàn Chải Đánh Răng Trisa Fresh', '24000', '12000', 23)
insert into HANGHOA values('A00090', N'Bàn chải Sensodyne Precision', '19000', '11000', 23)


INSERT INTO BAN VALUES('100001','NV0001','0001','2022/04/12',98000)
INSERT INTO BAN VALUES('100002','NV0001','0002','2022/04/15',134000)
INSERT INTO BAN VALUES('100003','NV0001','0003','2022/04/17',41000)
INSERT INTO BAN VALUES('100004','NV0001','0004','2022/04/19',73000)
INSERT INTO BAN VALUES('100005','NV0001','0005','2022/04/20',66000)
INSERT INTO BAN VALUES('100006','NV0001','0006','2022/04/21',102000)
INSERT INTO BAN VALUES('100007','NV0001','0007','2022/04/22',73000)
INSERT INTO BAN VALUES('100008','NV0001','0008','2022/04/25',138000)
INSERT INTO BAN VALUES('100009','NV0001','0009','2022/04/27',100000)
INSERT INTO BAN VALUES('100010','NV0001','0010','2022/04/29',70000)
INSERT INTO BAN VALUES('100011','NV0002','0011','2022/04/30',114000)
INSERT INTO BAN VALUES('100012','NV0003','0012','2022/05/01',100000)
INSERT INTO BAN VALUES('100013','NV0001','0013','2022/05/02',38000)
INSERT INTO BAN VALUES('100014','NV0001','0014','2022/05/03',150000)
INSERT INTO BAN VALUES('100015','NV0001','0015','2022/05/04',75000)
INSERT INTO BAN VALUES('100016','NV0002','0016','2022/05/05',100000)
INSERT INTO BAN VALUES('100017','NV0001','0017','2022/05/06',35000)
INSERT INTO BAN VALUES('100018','NV0001','0018','2022/05/07',45000)
INSERT INTO BAN VALUES('100019','NV0001','0019','2022/05/10',150000)
INSERT INTO BAN VALUES('100020','NV0001','0020','2022/05/12',150000)
INSERT INTO BAN VALUES('100021','NV0001','0021','2022/05/14',96000)
INSERT INTO BAN VALUES('100022','NV0001','0022','2022/05/15',55000)
INSERT INTO BAN VALUES('100023','NV0001','0023','2022/05/16',45000)
INSERT INTO BAN VALUES('100024','NV0001','0024','2022/05/18',72000)
INSERT INTO BAN VALUES('100025','NV0001','0025','2022/05/20',116000)

INSERT INTO BAN_CHI_TIET VALUES('100001','A00001',2,78000)
INSERT INTO BAN_CHI_TIET VALUES('100001','A00067',2,20000)
INSERT INTO BAN_CHI_TIET VALUES('100002','A00004',2,70000)
INSERT INTO BAN_CHI_TIET VALUES('100002','A00017',5,40000)
INSERT INTO BAN_CHI_TIET VALUES('100002','A00089',1,24000)
INSERT INTO BAN_CHI_TIET VALUES('100003','A00008',1,29000)
INSERT INTO BAN_CHI_TIET VALUES('100003','A00079',1,12000)
INSERT INTO BAN_CHI_TIET VALUES('100004','A00010',1,37000)
INSERT INTO BAN_CHI_TIET VALUES('100004','A00075',3,36000)
INSERT INTO BAN_CHI_TIET VALUES('100005','A00013',1,30000)
INSERT INTO BAN_CHI_TIET VALUES('100005','A00084',1,12000)
INSERT INTO BAN_CHI_TIET VALUES('100005','A00083',2,24000)
INSERT INTO BAN_CHI_TIET VALUES('100006','A00016',6,54000)
INSERT INTO BAN_CHI_TIET VALUES('100006','A00074',2,20000)
INSERT INTO BAN_CHI_TIET VALUES('100006','A00086',2,28000)
INSERT INTO BAN_CHI_TIET VALUES('100007','A00019',6,48000)
INSERT INTO BAN_CHI_TIET VALUES('100007','A00085',1,25000)
INSERT INTO BAN_CHI_TIET VALUES('100008','A00022',4,40000)
INSERT INTO BAN_CHI_TIET VALUES('100008','A00045',1,35000)
INSERT INTO BAN_CHI_TIET VALUES('100008','A00051',1,35000)
INSERT INTO BAN_CHI_TIET VALUES('100008','A00020',4,28000)
INSERT INTO BAN_CHI_TIET VALUES('100009','A00023',6,48000)
INSERT INTO BAN_CHI_TIET VALUES('100009','A00011',1,40000)
INSERT INTO BAN_CHI_TIET VALUES('100009','A00084',1,12000)
INSERT INTO BAN_CHI_TIET VALUES('100010','A00028',2,70000)
INSERT INTO BAN_CHI_TIET VALUES('100011','A00032',2,60000)
INSERT INTO BAN_CHI_TIET VALUES('100011','A00077',2,24000)
INSERT INTO BAN_CHI_TIET VALUES('100011','A00073',2,30000)
INSERT INTO BAN_CHI_TIET VALUES('100012','A00035',1,35000)
INSERT INTO BAN_CHI_TIET VALUES('100012','A00085',1,25000)
INSERT INTO BAN_CHI_TIET VALUES('100012','A00052',1,40000)
INSERT INTO BAN_CHI_TIET VALUES('100013','A00039',2,38000)
INSERT INTO BAN_CHI_TIET VALUES('100014','A00041',5,105000)
INSERT INTO BAN_CHI_TIET VALUES('100014','A00044',1,45000)
INSERT INTO BAN_CHI_TIET VALUES('100015','A00046',3,75000)
INSERT INTO BAN_CHI_TIET VALUES('100016','A00050',4,100000)
INSERT INTO BAN_CHI_TIET VALUES('100017','A00055',1,35000)
INSERT INTO BAN_CHI_TIET VALUES('100018','A00061',1,21000)
INSERT INTO BAN_CHI_TIET VALUES('100018','A00081',2 ,24000)
INSERT INTO BAN_CHI_TIET VALUES('100019','A00062',15,150000)
INSERT INTO BAN_CHI_TIET VALUES('100020','A00064',15,150000)
INSERT INTO BAN_CHI_TIET VALUES('100021','A00066',6,48000)
INSERT INTO BAN_CHI_TIET VALUES('100021','A00070',4,48000)
INSERT INTO BAN_CHI_TIET VALUES('100022','A00074',2,20000)
INSERT INTO BAN_CHI_TIET VALUES('100022','A00058',1,35000)
INSERT INTO BAN_CHI_TIET VALUES('100023','A00080',2,24000)
INSERT INTO BAN_CHI_TIET VALUES('100023','A00071',1,21000)
INSERT INTO BAN_CHI_TIET VALUES('100024','A00082',6,72000)
INSERT INTO BAN_CHI_TIET VALUES('100025','A00087',2,24000)
INSERT INTO BAN_CHI_TIET VALUES('100025','A00050',2,50000)
INSERT INTO BAN_CHI_TIET VALUES('100025','A00061',2,42000)

--Bảng NHAP :MaHDN,MaNCC, NgayNhap, TongTien
insert into NHAP values('N100001', 'NCC001', '2022/08/02','1436000')
insert into NHAP values('N100002', 'NCC002', '2022/11/01','1433000')
insert into NHAP values('N100003', 'NCC003', '2022/10/21','131000')
insert into NHAP values('N100004', 'NCC001', '2022/10/30','722500')
insert into NHAP values('N100005', 'NCC004', '2022/09/07','580000')
insert into NHAP values('N100006', 'NCC001', '2022/10/23','1001600')
insert into NHAP values('N100007', 'NCC003', '2022/07/14','416000')
insert into NHAP values('N100008', 'NCC002', '2022/10/18','3035000')
insert into NHAP values('N100009', 'NCC002', '2022/09/27','2230000')
insert into NHAP values('N1000010', 'NCC004', '2022/08/11','240000')
insert into NHAP values('N1000011', 'NCC001', '2022/10/20','630000')
insert into NHAP values('N1000012', 'NCC001', '2022/10/17','1257000')
insert into NHAP values('N1000013', 'NCC001', '2022/09/29','1979000')

--Bang NHAP_CHI_TIET :MaHDN,MaMH, SoLuong, ThanhTien
insert into NHAP_CHI_TIET values('N100001', 'A00002',10,330000)
insert into NHAP_CHI_TIET values('N100001', 'A00014',15,33000)
insert into NHAP_CHI_TIET values('N100001', 'A00011',8,256000)
insert into NHAP_CHI_TIET values('N100001', 'A00020',10,27000)
insert into NHAP_CHI_TIET values('N100001', 'A00009',10,250000)
insert into NHAP_CHI_TIET values('N100001', 'A00035',20,540000)
insert into NHAP_CHI_TIET values('N100002', 'A00041',4,40000)
insert into NHAP_CHI_TIET values('N100002', 'A00042',5,45000)
insert into NHAP_CHI_TIET values('N100002', 'A00043',8,440000)
insert into NHAP_CHI_TIET values('N100002', 'A00044',5,145000)
insert into NHAP_CHI_TIET values('N100002', 'A00045',7,84000)
insert into NHAP_CHI_TIET values('N100002', 'A00046',4,44000)
insert into NHAP_CHI_TIET values('N100002', 'A00047',8,152000)
insert into NHAP_CHI_TIET values('N100002', 'A00048',10,190000)
insert into NHAP_CHI_TIET values('N100002', 'A00049', 9,72000)
insert into NHAP_CHI_TIET values('N100002', 'A00050',10,170000)
insert into NHAP_CHI_TIET values('N100002', 'A00051',3,51000)
insert into NHAP_CHI_TIET values('N100003', 'A00072',5,35000)
insert into NHAP_CHI_TIET values('N100003', 'A00073',2,20000)
insert into NHAP_CHI_TIET values('N100003', 'A00074',4,28000)
insert into NHAP_CHI_TIET values('N100003', 'A00075',6,48000)
insert into NHAP_CHI_TIET values('N100004', 'A00022',13,32500)
insert into NHAP_CHI_TIET values('N100004', 'A00019',50,110000)
insert into NHAP_CHI_TIET values('N100004', 'A00029', 20, 580000)
insert into NHAP_CHI_TIET values('N100005', 'A00063',30,300000)
insert into NHAP_CHI_TIET values('N100005', 'A00064',25,175000)
insert into NHAP_CHI_TIET values('N100005', 'A00062',15,105000)
insert into NHAP_CHI_TIET values('N100006', 'A00007',14, 252000)
insert into NHAP_CHI_TIET values('N100006', 'A00016',12,27600)
insert into NHAP_CHI_TIET values('N100006', 'A00003',23,667000)
insert into NHAP_CHI_TIET values('N100006', 'A00025', 22, 55000)
insert into NHAP_CHI_TIET values('N100007', 'A00082', 12, 96000)
insert into NHAP_CHI_TIET values('N100007', 'A00079', 25, 200000)
insert into NHAP_CHI_TIET values('N100007', 'A00084', 15,120000)
insert into NHAP_CHI_TIET values('N100008', 'A00036', 5, 140000)
insert into NHAP_CHI_TIET values('N100008', 'A00037', 30, 900000)
insert into NHAP_CHI_TIET values('N100008', 'A00038', 4, 120000)
insert into NHAP_CHI_TIET values('N100008', 'A00039', 15, 225000)
insert into NHAP_CHI_TIET values('N100008', 'A00040', 50, 1650000)
insert into NHAP_CHI_TIET values('N100009', 'A00028', 20, 580000)
insert into NHAP_CHI_TIET values('N100009', 'A00015', 50, 110000)
insert into NHAP_CHI_TIET values('N100009', 'A00004', 10, 290000)
insert into NHAP_CHI_TIET values('N100009', 'A00032', 50, 1250000)
insert into NHAP_CHI_TIET values('N1000010', 'A00062', 20, 140000)
insert into NHAP_CHI_TIET values('N1000010', 'A00063', 10, 100000)
insert into NHAP_CHI_TIET values('N1000011', 'A00005', 5, 145000)
insert into NHAP_CHI_TIET values('N1000011', 'A00018', 8, 20000)
insert into NHAP_CHI_TIET values('N1000011', 'A00012', 15, 465000)
insert into NHAP_CHI_TIET values('N1000012', 'A00005', 20, 580000)
insert into NHAP_CHI_TIET values('N1000012', 'A00003', 11, 319000)
insert into NHAP_CHI_TIET values('N1000012', 'A00008', 9, 198000)
insert into NHAP_CHI_TIET values('N1000012', 'A00024', 10, 25000)
insert into NHAP_CHI_TIET values('N1000012', 'A00031', 5, 115000)
insert into NHAP_CHI_TIET values('N1000012', 'A00027', 5, 20000)
insert into NHAP_CHI_TIET values('N1000013', 'A00009', 20, 500000)
insert into NHAP_CHI_TIET values('N1000013', 'A00017', 30, 69000)
insert into NHAP_CHI_TIET values('N1000013', 'A00032', 20, 500000)
insert into NHAP_CHI_TIET values('N1000013', 'A00025', 4, 10000)
insert into NHAP_CHI_TIET values('N1000013', 'A00023', 10, 25000)
insert into NHAP_CHI_TIET values('N1000013', 'A00001', 13, 455000)
insert into NHAP_CHI_TIET values('N1000013', 'A00010', 14, 420000)